Hex,Red,Green,Blue
#000080,0,0,128
#00008B,0,0,139
#00009C,0,0,156
#0000CD,0,0,205
#0000FF,0,0,255
#000F89,0,15,137
#00147E,0,20,126
#0014A8,0,20,168
#0018A8,0,24,168
#001C3D,0,28,61
#002147,0,33,71
#002366,0,35,102
#002387,0,35,135
#002395,0,35,149
#002E63,0,46,99
#002FA7,0,47,167
#00308F,0,48,143
#003153,0,49,83
#003366,0,51,102
#003399,0,51,153
#0033AA,0,51,170
#0038A8,0,56,168
#004040,0,64,64
#00416A,0,65,106
#004225,0,66,37
#004242,0,66,66
#0047AB,0,71,171
#0048BA,0,72,186
#004953,0,73,83
#004B49,0,75,73
#004F98,0,79,152
#00563F,0,86,63
#006400,0,100,0
#006600,0,102,0
#0067A5,0,103,165
#006994,0,105,148
#006A4E,0,106,78
#006B3C,0,107,60
#006DB0,0,109,176
#00703C,0,112,60
#0070B8,0,112,184
#0070FF,0,112,255
#0072BB,0,114,187
#0073CF,0,115,207
#007474,0,116,116
#00755E,0,117,94
#0077BE,0,119,190
#007AA5,0,122,165
#007BA7,0,123,167
#007BB8,0,123,184
#007F5C,0,127,92
#007F66,0,127,102
#007FFF,0,127,255
#008000,0,128,0
#008000,0,128,0
#008000,0,128,0
#008080,0,128,128
#00827F,0,130,127
#0087BD,0,135,189
#008B8B,0,139,139
#009000,0,144,0
#009150,0,145,80
#0093AF,0,147,175
#0095B6,0,149,182
#009698,0,150,152
#009966,0,153,102
#009B7D,0,155,125
#009E60,0,158,96
#009F6B,0,159,107
#00A550,0,165,80
#00A693,0,166,147
#00A86B,0,168,107
#00A877,0,168,119
#00AAEE,0,170,238
#00AB66,0,171,102
#00AD43,0,173,67
#00B7EB,0,183,235
#00B9FB,0,185,251
#00BFFF,0,191,255
#00C4B0,0,196,176
#00C5CD,0,197,205
#00CC33,0,204,51
#00CC99,0,204,153
#00CCCC,0,204,204
#00CCFF,0,204,255
#00CED1,0,206,209
#00FA9A,0,250,154
#00FF00,0,255,0
#00FFEF,0,255,239
#00FFFF,0,255,255
#010203,1,2,3
#010B13,1,11,19
#013220,1,50,32
#014421,1,68,33
#01796F,1,121,111
#0247FE,2,71,254
#035096,3,80,150
#03C03C,3,192,60
#056608,5,102,8
#059033,5,144,51
#062A78,6,42,120
#08457E,8,69,126
#087830,8,120,48
#0892D0,8,146,208
#08E8DE,8,232,222
#091F92,9,31,146
#0A7E8C,10,126,140
#0ABAB5,10,186,181
#0BDA51,11,218,81
#0D98BA,13,152,186
#0E7C61,14,124,97
#0F4D92,15,77,146
#0F52BA,15,82,186
#0FC0FC,15,192,252
#100C08,16,12,8
#1034A6,16,52,166
#1164B4,17,100,180
#123524,18,53,36
#126180,18,97,128
#138808,19,136,8
#1560BD,21,96,189
#15F2FD,123,154,200
#177245,23,114,69
#18453B,24,69,59
#188BC2,24,139,194
#191970,25,25,112
#191B26,25,27,38
#195905,25,89,5
#1974D2,25,116,210
#1A1110,26,17,16
#1A1B23,26,27,35
#1A2421,26,36,33
#1B1B1B,27,27,27
#1B1D27,27,29,39
#1B4D3E,27,77,62
#1C1CF0,28,28,240
#1C202D,28,32,45
#1C2841,28,40,65
#1C352D,28,53,45
#1C39BB,28,57,187
#1CA9C9,28,169,201
#1CAC78,28,172,120
#1D2951,29,41,81
#1DACD6,29,172,214
#1DACD6,29,172,214
#1E4D2B,30,77,43
#1E90FF,30,144,255
#1F222D,31,34,45
#1F262A,31,38,42
#1F75FE,31,117,254
#20B2AA,32,178,170
#210837,33,8,55
#214FC6,33,79,198
#21ABCD,33,171,205
#2243B6,34,67,182
#228B22,34,139,34
#23297A,35,41,122
#232B2B,35,43,43
#242124,36,33,36
#253529,37,53,41
#264348,38,67,72
#26619C,38,97,156
#273BE2,39,59,226
#273D61,39,61,97
#273F66,39,63,102
#28354A,40,53,74
#28374E,40,55,78
#284368,40,67,104
#284465,40,68,101
#28446C,40,68,108
#28589C,40,88,156
#292021,41,32,33
#292528,41,37,40
#29292F,41,41,47
#292A30,41,42,48
#292C34,41,44,52
#293953,41,57,83
#294369,41,67,105
#294669,41,70,105
#299617,41,150,23
#29AB87,41,171,135
#2A2629,42,38,41
#2a3439,42,52,57
#2A364B,42,54,75
#2A374C,42,55,76
#2A3D5B,42,61,91
#2A4061,42,64,97
#2A4666,42,70,102
#2A466C,42,70,108
#2A52BE,42,82,190
#2A8000,42,128,0
#2B3952,43,57,82
#2B4669,43,70,105
#2C1608,44,22,8
#2C282B,44,40,43
#2C2E38,44,46,56
#2C3E51,44,62,81
#2C4268,44,66,104
#2C456C,44,69,108
#2C4667,44,70,103
#2D2D33,45,45,51
#2D323C,45,50,60
#2D3341,45,51,65
#2D425C,45,66,92
#2D4460,45,68,96
#2D4564,45,69,100
#2D4668,45,70,104
#2E2526,46,37,38
#2E2527,46,37,39
#2E2B2F,46,43,47
#2E2C30,46,44,48
#2E2D88,46,45,136
#2E2E38,46,46,56
#2E3442,46,52,66
#2E3D4E,46,61,78
#2E3E50,46,62,80
#2E4663,46,70,99
#2E5894,46,88,148
#2E8B57,46,139,87
#2F2C31,47,44,49
#2F4768,47,71,104
#2F4F4F,47,79,79
#2F847C,47,132,124
#301934,48,25,52
#302728,48,39,40
#302C30,48,44,48
#30333D,48,51,61
#303643,48,54,67
#303B4D,48,59,77
#304769,48,71,105
#304969,48,73,105
#306030,48,96,48
#30BA8F,48,186,143
#30BFBF,48,191,191
#312627,49,38,39
#312728,49,39,40
#312828,49,40,40
#313848,49,56,72
#317873,49,120,115
#318CE7,49,140,231
#319177,49,145,119
#32127A,50,18,122
#32174D,50,23,77
#322325,50,35,37
#322727,50,39,39
#324962,50,73,98
#324AB2,50,74,178
#32CD32,50,205,50
#330066,51,0,102
#33323D,51,50,61
#333366,51,51,102
#333399,51,51,153
#3399FF,51,153,255
#342626,52,38,38
#342727,52,39,39
#342728,52,39,40
#342D30,52,45,48
#343434,52,52,52
#343C4A,52,60,74
#343D4A,52,61,74
#344C6B,52,76,107
#345377,52,83,119
#34B233,52,178,51
#352627,53,38,39
#352828,53,40,40
#35292A,53,41,42
#352E2E,53,46,46
#352F33,53,47,51
#352F36,53,47,54
#353839,53,56,57
#354230,53,66,48
#35475C,53,71,92
#355E3B,53,94,59
#360CCC,54,12,204
#362727,54,39,39
#362828,54,40,40
#362929,54,41,41
#36454F,54,69,79
#36747D,54,116,125
#367588,54,117,136
#372A2A,55,42,42
#372B2C,55,43,44
#372D2D,55,45,45
#37465C,55,70,92
#37475E,55,71,94
#374957,55,73,87
#382828,56,40,40
#38292A,56,41,42
#382A2A,56,42,42
#385172,56,81,114
#391285,57,18,133
#392C2B,57,44,43
#393734,57,55,52
#394B60,57,75,96
#39A78E,57,167,142
#39FF14,57,255,20
#3A292A,58,41,42
#3A2B2A,58,43,42
#3A4B60,58,75,96
#3AB09E,58,176,158
#3B331C,59,51,28
#3B3C36,59,60,54
#3B444B,59,68,75
#3B7A57,59,122,87
#3C1414,60,20,20
#3C341F,60,52,31
#3CB371,60,179,113
#3CD070,60,208,112
#3D0C02,61,12,2
#3D2A2D,61,42,45
#3D2B1F,61,43,31
#3E8EDE,62,142,222
#3EB489,62,180,137
#3F00FF,18,10,143
#3FFF00,63,255,0
#40826D,64,130,109
#40E0D0,64,224,208
#414A4C,65,74,76
#4166F5,65,102,245
#4169E1,65,105,225
#43292A,67,41,42
#43302E,67,48,46
#436B95,67,107,149
#43B3AE,67,179,174
#444C38,68,76,56
#446CCF,68,108,207
#44D7A8,68,215,168
#45B1E8,69,177,232
#465945,70,89,69
#4682B4,70,130,180
#4682BF,70,130,191
#46CB18,70,203,24
#47ABCC,71,171,204
#480607,72,6,7
#483C32,72,60,50
#483D8B,72,61,139
#48BF91,72,191,145
#48D1CC,72,209,204
#49796B,73,121,107
#4997D0,73,151,208
#4A5D23,74,93,35
#4A646C,74,100,108
#4AFF00,74,255,0
#4B0082,75,0,130
#4B352F,75,53,47
#4B3621,75,54,33
#4B3735,75,55,53
#4B5320,75,83,32
#4BC7CF,75,199,207
#4C2882,76,40,130
#4C516D,76,81,109
#4C9141,76,145,65
#4CBB17,76,187,23
#4D3231,77,50,49
#4D5D53,77,93,83
#4D8C57,77,140,87
#4E1609,78,22,9
#4E5180,78,81,128
#4E82B4,78,130,180
#4F2826,79,40,38
#4F322E,79,50,46
#4F3834,79,56,52
#4F3A3C,79,58,60
#4F42B5,79,66,181
#4F666A,79,102,106
#4F7942,79,121,66
#4F86F7,79,134,247
#503734,80,55,52
#50404D,80,64,77
#5072A7,80,114,167
#507D2A,80,125,42
#50C878,80,200,120
#512888,79,38,131
#51484F,81,72,79
#5218FA,82,24,250
#522B28,82,43,40
#522D80,82,45,128
#523531,82,53,49
#523A36,82,58,54
#533D3A,83,61,58
#534B4F,83,75,79
#536872,83,104,114
#536878,83,104,120
#536895,83,104,149
#543B39,84,59,57
#543D37,84,61,55
#545AA7,84,90,167
#54626F,84,98,111
#553592,85,53,146
#555555,85,85,85
#555D50,85,93,80
#556B2F,85,107,47
#560319,86,3,25
#563A37,86,58,55
#563C5C,86,60,92
#563F3D,86,63,61
#568203,86,130,3
#56887D,86,136,125
#56A0D3,86,160,211
#582D29,88,45,41
#58322E,88,50,46
#583F3D,88,63,61
#58427C,88,66,124
#59260B,50,20,20
#592720,89,39,32
#59312D,89,49,45
#593531,89,53,49
#593A3B,89,58,59
#593E3E,89,62,62
#59423F,89,66,63
#5946B2,89,70,178
#5A3534,90,53,52
#5A3E35,90,62,53
#5A4FCF,90,79,207
#5B322E,91,50,46
#5B3256,91,50,86
#5B332F,91,51,47
#5B92E5,91,146,229
#5C403D,92,64,61
#5D3954,93,57,84
#5D89BA,93,137,186
#5D8AA8,93,138,168
#5DA493,93,164,147
#5DADEC,93,173,236
#5E302D,94,48,45
#5E312F,94,49,47
#5E8C31,94,140,49
#5F8A8B,95,138,139
#5F9EA0,95,158,160
#5FA778,95,167,120
#602F6B,96,47,107
#60302B,96,48,43
#6050DC,96,80,220
#6082B6,96,130,182
#612F2B,97,47,43
#613934,97,57,52
#614051,97,64,81
#61433E,97,67,62
#63332C,99,51,44
#634535,99,69,53
#634E59,99,78,89
#635147,99,81,71
#644117,100,65,23
#645452,100,84,82
#6495ED,100,149,237
#64E986,100,233,134
#65000B,101,0,11
#65342D,101,52,45
#654321,101,67,33
#654321,101,67,33
#66023C,102,2,60
#662E2A,102,46,42
#66322C,102,50,44
#663399,102,52,153
#663854,102,55,84
#664228,102,66,40
#66424D,102,66,77
#664C28,102,76,40
#665D1E,102,93,30
#666699,102,102,153
#6666FF,102,102,255
#669999,102,153,153
#6699CC,102,153,204
#66B032,102,176,50
#66DDAA,102,221,170
#66FF00,102,255,0
#66FF66,102,255,102
#673147,103,49,71
#674544,103,69,68
#674846,103,72,70
#674C47,103,76,71
#674E4C,103,78,76
#676767,103,103,103
#679267,103,146,103
#682860,104,40,96
#682F2B,104,47,43
#68312B,104,49,43
#68352F,104,53,47
#683531,104,53,49
#683630,104,54,48
#684E48,104,78,72
#69342F,105,52,47
#69359C,105,53,156
#693730,105,55,48
#696969,105,105,105
#6A5ACD,106,90,205
#6B2E2B,107,46,43
#6B302C,107,48,44
#6B4423,107,68,35
#6B4423,107,68,35
#6B4423,107,68,35
#6B514D,107,81,77
#6B8E23,107,142,35
#6C2E1F,108,46,31
#6C3082,108,48,130
#6C534D,108,83,77
#6C541E,108,84,30
#6CA0DC,108,160,220
#6D3932,109,57,50
#6D9BC3,109,155,195
#6E322A,110,50,42
#6E322C,110,50,44
#6E352F,110,53,47
#6E3830,110,56,48
#6E3831,110,56,49
#6E3D31,110,61,49
#6E7F80,110,127,128
#6EAEA1,110,174,161
#6F00FF,111,0,255
#6F2DA8,111,45,168
#6F4E37,111,78,55
#6F4E37,111,78,55
#6F9940,130,142,132
#701C1C,112,28,28
#702670,112,38,112
#702963,112,41,99
#70352F,112,53,47
#703642,112,54,66
#703930,112,57,48
#704214,112,66,20
#704241,112,66,65
#708090,112,128,144
#71332C,113,51,44
#713831,113,56,49
#71A6D2,113,166,210
#71BC78,113,188,120
#722F37,114,47,55
#723630,114,54,48
#72392F,114,57,47
#72544B,114,84,75
#725652,114,86,82
#727472,114,116,114
#72A0C1,114,160,193
#73332C,115,51,44
#733380,115,51,128
#733931,115,57,49
#734F96,115,79,150
#735851,115,88,81
#737000,115,112,0
#738276,115,130,118
#738678,115,134,120
#73A9C2,115,169,194
#73C2FB,115,194,251
#74352A,116,53,42
#743731,116,55,49
#746CC0,116,108,192
#74BBFB,116,187,251
#74C365,116,195,101
#753F34,117,63,52
#757575,117,117,117
#76342E,118,52,46
#763B32,118,59,50
#763B36,118,59,54
#773730,119,55,48
#773A2C,119,58,44
#773B35,119,59,53
#777696,119,118,150
#778899,119,136,153
#778BA5,119,139,165
#779ECB,119,158,203
#77B5FE,119,181,254
#77DD77,119,221,119
#78184A,120,24,74
#783930,120,57,48
#783D33,120,61,51
#783E34,120,62,52
#7851A9,120,81,169
#785B5D,120,91,93
#78866B,120,134,107
#793F37,121,63,55
#79443B,121,68,59
#79443B,121,68,59
#796878,121,104,120
#7A392F,122,57,47
#7A3932,122,57,50
#7A4037,122,64,55
#7A4638,122,70,56
#7B1113,123,17,19
#7B3B2F,123,59,47
#7B3F00,123,63,0
#7B68EE,123,104,238
#7BB661,123,182,97
#7C0A02,124,10,2
#7C1C05,124,28,5
#7C3D36,124,61,54
#7C4239,124,66,57
#7C4432,124,68,50
#7C443A,124,68,58
#7C4848,124,72,72
#7C4D36,124,77,54
#7C5E52,124,94,82
#7C98AB,124,152,171
#7C9ED9,124,158,217
#7CB9E8,124,185,232
#7CFC00,124,252,0
#7D3B32,125,59,50
#7D5D52,125,93,82
#7DF9FF,125,249,255
#7E5E60,126,94,96
#7ED4E6,126,212,230
#7F00FF,127,0,255
#7F1734,127,23,52
#7F4237,127,66,55
#7F423C,127,66,60
#7FFF00,127,255,0
#7FFFD4,127,255,212
#800000,128,0,0
#800020,128,0,32
#800080,128,0,128
#801818,128,24,24
#80461B,128,70,27
#807532,128,117,50
#808000,128,128,0
#808080,128,128,128
#80DAEB,128,218,235
#811453,129,20,83
#814036,129,64,54
#81423A,129,66,58
#814537,129,69,55
#81463C,129,70,60
#81613C,129,97,60
#820000,130,0,0
#824037,130,64,55
#82483C,130,72,60
#82523B,130,82,59
#826644,130,102,68
#828E84,130,142,132
#832A0D,131,42,34
#836953,130,105,83
#838996,131,137,150
#841B2D,132,27,45
#843F5B,132,63,91
#84423C,132,66,60
#844437,132,68,55
#845941,132,89,65
#848482,132,132,130
#84DE02,132,222,2
#850101,133,1,1
#854A3F,133,74,63
#854D39,133,77,57
#856088,133,96,136
#856D4D,133,109,77
#85754E,133,117,78
#85BB65,133,187,101
#860111,134,1,17
#8601AF,134,1,175
#864C3F,134,76,63
#86608E,134,96,142
#867E36,134,126,54
#872657,135,38,87
#873260,135,50,96
#873F3E,135,63,62
#874F43,135,79,67
#875139,135,81,57
#87A96B,135,169,107
#87CEEB,135,206,235
#87CEFA,135,206,250
#87D3F8,135,211,248
#87FF2A,135,255,42
#880085,136,0,133
#8806CE,136,6,206
#882D17,136,45,23
#88463C,136,70,60
#884D40,136,77,64
#885818,136,88,24
#88654E,136,101,78
#886D5A,136,109,90
#8878C3,136,120,195
#88ACE0,136,172,224
#88D8C0,136,216,192
#893843,137,56,67
#893F45,137,63,69
#89CFF0,137,207,240
#8A2BE2,138,43,226
#8A3324,138,51,36
#8A496B,138,73,107
#8A4A44,138,74,68
#8A5D41,138,93,65
#8A6E5B,138,110,91
#8A7473,138,116,115
#8A795D,138,121,93
#8A7F80,138,127,128
#8A9A5B,138,154,91
#8A9A5B,138,154,91
#8AB9F1,138,185,241
#8B0000,139,0,0
#8B008B,139,0,139
#8B4513,139,69,19
#8B5043,139,80,67
#8B5f4D,139,95,77
#8B72BE,139,114,190
#8B8589,139,133,137
#8BA8B7,139,168,183
#8C5046,140,80,70
#8C92AC,140,146,172
#8CBED6,140,190,214
#8D4E85,141,78,133
#8D544E,141,84,78
#8D6C62,141,108,98
#8DB600,141,182,0
#8DD9CC,141,217,204
#8E3A59,142,58,89
#8E4585,142,69,133
#8E5852,142,88,82
#8EE53F,142,229,63
#8F00FF,143,0,255
#8F6648,143,102,72
#8F7D7D,143,125,125
#8F9779,143,151,121
#8FBC8F,143,188,143
#8FD400,143,212,0
#905D5D,144,93,93
#90603C,144,96,60
#90634C,144,96,76
#906748,144,103,72
#907970,144,121,112
#90EE90,144,238,144
#914E75,145,78,117
#91564D,145,86,77
#915C83,145,92,131
#915F6D,145,95,109
#916D51,145,109,81
#917069,145,112,105
#918151,145,129,81
#91A3B0,145,163,176
#92000A,146,0,10
#922724,146,39,36
#92574B,146,87,75
#925A52,146,90,82
#926F4F,146,111,79
#92A1CF,146,161,207
#933D41,147,61,65
#934C2F,147,76,47
#936056,147,96,86
#9370DB,147,112,219
#93C572,147,197,114
#93CCEA,147,204,234
#9400D3,148,0,211
#9457EB,148,87,235
#954535,149,69,53
#955A36,149,90,54
#956752,149,103,82
#960018,150,0,24
#964B00,150,75,0
#965047,150,80,71
#965A3E,150,90,62
#965B48,150,91,72
#966946,150,105,70
#966FD6,150,111,214
#967058,150,112,88
#967117,150,113,23
#9678B6,150,120,182
#967BB6,150,123,182
#96C8A2,150,200,162
#96DED1,150,222,209
#975D48,151,93,72
#976E56,151,110,86
#977152,151,113,82
#977C75,151,124,117
#979AAA,151,154,170
#980036,152,0,54
#986960,152,105,96
#987258,152,114,88
#987456,152,116,86
#987654,152,118,84
#98777B,152,119,123
#98785D,152,120,93
#98817B,152,129,123
#989898,152,152,152
#98FB98,152,251,152
#98FF98,152,255,152
#990000,153,0,0
#9932CC,153,50,204
#9955BB,153,85,187
#99643B,153,100,59
#996515,153,101,21
#996600,152,102,0
#996666,153,102,102
#9966CC,153,102,204
#997A8D,153,122,141
#99E6B3,153,230,179
#9A4EAE,154,78,174
#9A6255,154,98,85
#9AB973,154,185,115
#9ACD32,154,205,50
#9B111E,155,17,30
#9B7653,155,118,83
#9B7C60,155,124,96
#9B7F62,155,127,98
#9B870C,155,135,12
#9BC4E2,155,196,226
#9C2542,156,37,66
#9C51B6,156,81,182
#9C7C38,156,124,56
#9C847B,156,132,123
#9D2933,157,41,51
#9DC209,157,194,9
#9E1316,158,19,22
#9E5450,158,84,80
#9E5E6F,158,94,111
#9E7B54,158,123,84
#9EFD38,158,253,56
#9F00C5,159,0,197
#9F00FF,159,0,255
#9F1D35,159,29,53
#9F2B68,159,43,104
#9F4576,159,69,118
#9F785B,159,120,91
#9F7E62,159,126,98
#9F8170,159,129,112
#9FA91F,158,169,31
#9FE2BF,195,226,191
#A020F0,160,32,240
#A05D50,160,93,80
#A0785A,160,120,90
#A0795B,160,121,91
#A0D6B4,160,214,180
#A0E6FF,160,230,255
#A16E43,161,110,67
#A17A74,161,122,116
#A18067,161,128,103
#A1CAF1,161,202,241
#A2006D,162,0,109
#A2A2D0,162,162,208
#A2ADD0,162,173,208
#A3C1AD,163,193,173
#A40000,164,0,0
#A45A52,164,90,82
#A4C639,164,198,57
#A4DDED,164,221,237
#A4F4F9,164,244,249
#A50B5E,165,11,94
#A52A2A,165,42,42
#A55353,0,83,83
#A57164,165,113,100
#A63A79,166,58,121
#A67B5B,166,123,91
#A6A6A6,166,166,166
#A6D608,166,214,8
#A6E7FF,166,231,255
#A75502,167,85,2
#A76BCF,167,107,207
#A78E87,167,142,135
#A7F432,167,244,50
#A7FC00,167,252,0
#A81C07,168,28,7
#A83731,168,55,49
#A8516E,168,81,110
#A8727F,168,114,127
#A88A73,168,138,115
#A88B76,168,139,118
#A8E4A0,168,228,160
#A9203E,169,32,62
#A95C68,169,92,104
#A98C7D,169,140,125
#A99A86,169,154,134
#A9A9A9,169,169,169
#A9BA9D,169,186,157
#AA00BB,170,0,187
#AA381E,170,56,30
#AA4069,170,64,105
#AA6250,170,98,80
#AA98A9,170,152,169
#AAF0D1,170,240,209
#AB274F,171,39,79
#AB4B52,171,75,82
#AB4E52,171,78,82
#AB5B26,171,91,38
#AB92B3,171,146,179
#ABCDEF,171,205,239
#AC1E44,172,30,68
#AC7C73,172,124,115
#ACACAC,172,172,172
#ACACE6,172,172,230
#ACBF60,172,191,96
#ACE1AF,172,225,175
#ACE5EE,172,229,238
#AD4379,173,67,121
#AD6F69,173,111,105
#ADD8E6,173,216,230
#ADDFAD,173,223,173
#ADFF2F,173,255,47
#AE0C00,174,12,0
#AE2029,174,32,41
#AE9482,174,148,130
#AE98AA,174,152,170
#AEC6CF,174,198,207
#AF002A,175,0,42
#AF4035,175,64,53
#AF6E4D,175,110,77
#AFEEEE,175,238,238
#B03060,176,48,96
#B05C52,176,92,82
#B06500,176,101,0
#B0BF1A,176,191,26
#B0C4DE,176,196,222
#B0E0E6,176,224,230
#B17D61,177,125,97
#B19CD9,177,156,217
#B22222,178,34,34
#B28274,178,130,116
#B28379,178,131,121
#B284BE,178,132,190
#B2947D,178,148,125
#B2BEB5,178,190,181
#B2EC5D,178,236,93
#B2FFFF,178,255,255
#B31B1B,179,27,27
#B3446C,179,68,108
#B38B6D,179,139,109
#B39EB5,179,158,181
#B47A75,180,122,117
#B48395,180,131,149
#B53389,181,51,137
#B5651D,181,101,29
#B57281,181,114,129
#B57EDC,181,126,220
#B5A642,181,166,66
#B666D2,182,102,210
#B67E75,182,126,117
#B6887A,182,136,122
#B7410E,183,65,14
#B768A2,183,104,162
#B76E79,183,110,121
#B784A7,183,132,167
#B78727,183,135,39
#B80CE3,184,12,227
#B86D29,184,109,41
#B87333,184,115,51
#B8860B,184,134,11
#B88D7F,184,141,127
#B94E48,185,78,72
#B9F2FF,185,242,255
#BA160C,186,22,12
#BA55D3,186,85,211
#BA8759,186,135,89
#BB3385,187,51,133
#BB6528,187,101,40
#BBB477,187,180,119
#BC8F8F,188,143,143
#BC987E,188,152,126
#BCB88A,188,184,138
#BCD4E6,188,212,230
#BD33A4,189,51,164
#BDB76B,189,183,107
#BDDA57,189,218,87
#BE0032,190,0,50
#BE4F62,190,79,98
#BEBEBE,190,190,190
#BF00FF,191,0,255
#BF4F51,191,79,81
#BF8249,191,130,73
#BF94E4,191,148,228
#BFAFB2,191,175,178
#BFC1C2,191,193,194
#BFFF00,191,255,0
#C0362C,192,54,44
#C04000,192,64,0
#C08081,192,128,129
#C09595,192,149,149
#C09999,192,153,153
#C0C0C0,192,192,192
#C154C1,193,84,193
#C19A6B,193,154,107
#C21E56,194,30,86
#C23B22,194,59,34
#C2B280,194,178,128
#C30B4E,195,11,78
#C32148,195,33,72
#C39764,195,151,100
#C39953,195,153,83
#C3B091,195,176,145
#C40233,196,2,51
#C41E3A,196,30,58
#C46210,196,98,16
#C4AEAD,196,174,173
#C4C3D0,196,195,208
#C4D8E2,196,216,226
#C53151,197,49,81
#C54B8C,197,75,140
#C5B358,197,179,88
#C68C20,198,140,32
#C71585,199,21,133
#C72C48,199,44,72
#C74375,199,67,117
#C80815,200,8,21
#C84186,200,65,134
#C8A2C8,200,162,200
#C8AD7F,200,173,127
#C90016,201,0,22
#C95A49,201,90,73
#C9A0DC,201,160,220
#C9A597,201,165,151
#C9C0BB,201,192,187
#C9DC87,201,220,135
#C9FFE5,201,255,229
#CA1F7B,202,31,123
#CA2C92,202,44,146
#CAE00D,202,224,13
#CB410B,203,65,11
#CB4154,203,65,84
#CB6D51,203,109,81
#CB99C9,203,153,201
#CBA135,203,161,53
#CC0000,204,0,0
#CC0033,204,0,51
#CC00CC,204,0,204
#CC00FF,204,0,255
#CC3333,204,51,51
#CC3336,204,51,54
#CC338B,204,51,139
#CC33CC,204,51,204
#CC397B,204,57,123
#CC474B,204,71,75
#CC4E5C,204,78,92
#CC5500,204,85,0
#CC6666,204,102,102
#CC7722,204,119,34
#CC8899,204,136,153
#CC9900,204,153,0
#cc9966,204,153,102
#CC99CC,204,153,204
#CC99FF,204,153,255
#CCA01D,204,160,29
#CCAAA5,204,170,165
#CCCCFF,204,204,255
#CCFF00,204,255,0
#CD5700,205,87,0
#CD5B45,205,91,69
#CD5C5C,205,92,92
#CD607E,205,96,126
#CD7F32,205,127,50
#CD853F,205,133,63
#CD9575,205,149,117
#CDA4DE,205,164,222
#CE2029,206,32,41
#CE4676,206,70,118
#CEC8EF,206,200,239
#CEFF00,205,255,0
#CF1020,207,16,32
#CF3476,207,52,118
#CF6BA9,207,107,169
#CF71AF,207,113,175
#CFAC9B,207,172,155
#CFB53B,207,181,59
#CFCFC4,207,207,196
#D0417E,208,65,126
#D0B09E,208,176,158
#D0F0C0,208,240,192
#D0FF14,208,255,20
#D10047,209,0,71
#D10056,209,0,86
#D19FE8,209,159,232
#D1AE9E,209,174,158
#D1BEA8,209,190,168
#D1E231,209,226,49
#D2691E,210,105,30
#D2B48C,210,180,140
#D3003F,211,0,63
#D3212D,211,33,45
#D39BCB,211,155,203
#D3B19A,211,177,154
#D3D3D3,211,211,211
#D40000,212,0,0
#D470A2,212,112,162
#D473D4,212,115,212
#D4AF37,212,175,55
#D65282,214,82,130
#D68A59,214,138,89
#D6CADD,214,202,221
#D70040,215,0,64
#D70A53,215,10,83
#D71868,215,24,104
#D73B3E,215,59,62
#D74894,215,72,148
#D7837F,215,131,127
#D891EF,216,145,239
#D8B2D1,216,178,209
#D8BFD8,216,191,216
#D9004C,217,0,76
#D92121,217,33,33
#D9381E,217,56,30
#D9603B,217,96,59
#D982B5,217,130,181
#D98695,217,134,149
#D99058,217,144,88
#D998A0,217,152,160
#D9B289,217,178,137
#D9E650,217,230,80
#DA1D81,218,29,129
#DA2C43,218,44,67
#DA3287,218,50,135
#DA614E,218,97,78
#DA70D6,218,112,214
#DA8A67,218,138,103
#DA9100,218,145,0
#DAA520,218,165,32
#DB7093,219,112,147
#DBD7D2,219,215,210
#DBE9F4,219,233,244
#DC143C,220,20,60
#DCD0FF,220,208,255
#DCDCDC,220,220,220
#DDA0DD,221,160,221
#DDADAF,221,173,175
#DDE26A,221,226,106
#DE3163,222,49,99
#DE3163,222,49,99
#DE5285,222,82,133
#DE5D83,222,93,131
#DE6FA1,222,111,161
#DE6FA1,222,111,161
#DE6FA1,222,111,161
#DEA5A4,222,165,164
#DEAA88,222,170,136
#DEB887,222,184,135
#DF00FF,223,0,255
#DF6124,223,97,36
#DF73FF,223,115,255
#DFFF00,223,255,0
#E0115F,224,17,95
#E0218A,224,33,138
#E03C31,224,60,49
#E08D3C,224,141,60
#E0B0FF,224,176,255
#E0FFFF,224,255,255
#E12C2C,225,44,44
#E18E96,225,142,150
#E1A95F,225,169,95
#E1AD21,225,173,33
#E2062C,226,6,44
#E25098,226,80,152
#E25822,226,88,34
#E2725B,226,114,91
#E30022,227,0,34
#E30B5D,227,11,92
#E3256B,227,37,107
#E32636,227,38,54
#E34234,227,66,52
#E3A857,227,168,87
#E3AB57,227,171,87
#E3DAC9,227,218,201
#E3F988,227,249,136
#E3FF00,227,255,0
#E40078,228,0,120
#E4007C,228,0,124
#E4717A,228,113,122
#E48400,228,132,0
#E49B0F,228,155,15
#E4D00A,228,208,10
#E4D96F,228,217,111
#E51A4C,229,26,76
#E52B50,229,43,80
#E56024,229,96,36
#E58E73,229,144,115
#E5AA70,229,170,112
#E5B73B,229,183,59
#E5CCC9,229,204,201
#E5E4E2,229,228,226
#E60026,230,0,38
#E62020,230,32,32
#E63E62,230,62,98
#E66771,230,103,113
#E68FAC,230,143,172
#E6A8D7,230,168,215
#E6BE8A,230,190,138
#E6E200,230,226,0
#E6E6FA,230,230,250
#E75480,231,84,128
#E79FC4,231,159,196
#E7ACCF,231,172,207
#E7FEFF,231,254,255
#E8000D,232,0,13
#E86100,232,97,0
#E88E5A,232,142,90
#E8CCD7,232,204,215
#E8F48C,232,244,140
#E936A7,233,54,167
#E9692C,233,105,44
#E97451,233,116,81
#E9967A,233,150,122
#E9D66B,233,214,107
#E9FFDB,233,255,219
#EA3C53,234,60,83
#EAA221,234,162,33
#EAE0C8,234,224,200
#EB4C42,235,76,66
#EC3B83,236,59,131
#EC5800,236,88,0
#ECB176,166,58,121
#ECD540,236,213,64
#ECEBBD,236,235,189
#ED1C24,237,28,36
#ED2939,237,41,57
#ED872D,237,135,45
#ED9121,237,145,33
#EDC9AF,237,201,175
#EE204D,238,32,77
#EE82EE,238,130,238
#EED202,238,210,2
#EEDC82,238,220,130
#EEE600,238,230,0
#EEE8AA,238,232,170
#EF3038,239,48,56
#EF98AA,239,152,170
#EFBBCC,239,187,204
#EFCC00,239,204,0
#EFDECD,239,222,205
#EFDFBB,239,223,187
#F07427,240,116,39
#F08080,240,128,128
#F0DC82,240,220,130
#F0E130,240,225,48
#F0E68C,240,230,140
#F0E68C,240,230,140
#F0EAD6,240,234,214
#F0F8FF,240,248,255
#F0FFF0,240,255,240
#F0FFFF,240,255,255
#F19CBB,241,156,187
#F1A7FE,241,167,254
#F1DDCF,241,221,207
#F2003C,242,0,60
#F28500,242,133,0
#F2BA49,242,186,73
#F2BDCD,242,189,205
#F2F0E6,242,240,230
#F2F27A,242,242,122
#F2F3F4,242,243,244
#F37A48,243,122,72
#F38FA9,243,143,169
#F3E5AB,243,229,171
#F400A1,244,0,161
#F49AC2,244,154,194
#F4A460,244,164,96
#F4BBFF,244,187,255
#F4C2C2,244,194,194
#F4C430,244,196,48
#F4CA16,244,202,22
#F4F0EC,244,240,236
#F56991,245,105,145
#F56FA1,245,111,161
#F58025,245,128,37
#F5C71A,245,199,26
#F5DEB3,245,222,179
#F5E050,245,220,80
#F5F5DC,245,245,220
#F5F5F5,245,245,245
#F5FFFA,245,255,250
#F64A8A,246,74,138
#F6ADC6,246,173,198
#F6EABE,246,234,190
#F70D1A,247,13,26
#F75394,247,83,148
#F77F00,247,127,0
#F77FBE,247,127,190
#F78FA7,247,143,167
#F7BFBE,247,191,190
#F7E7CE,247,231,206
#F7E98E,247,233,142
#F88379,248,131,121
#F8B878,248,184,120
#F8D568,248,213,104
#F8DE7E,248,222,126
#F8F8FF,248,248,255
#F9429E,249,66,158
#F94D00,249,77,0
#F984E5,249,132,229
#F984EF,249,132,239
#FA5B3D,250,91,61
#FA6E79,250,110,121
#FA8072,250,128,114
#FAD6A5,250,214,165
#FADA5E,250,218,94
#FADADD,250,218,221
#FADFAD,250,223,173
#FAE7B5,250,231,181
#FAEBD7,250,235,215
#FAF0BE,250,240,190
#FAF0E6,250,240,230
#FAFA37,250,250,55
#FAFAD2,250,250,210
#FB4D46,251,77,70
#FB4F14,251,79,20
#FB607F,251,96,127
#FB9902,251,153,2
#FBA0E3,251,160,227
#FBAB60,251,171,96
#FBAED2,251,174,210
#FBCCE7,251,204,231
#FBCEB1,251,206,177
#FBEC5D,251,236,93
#FC0FC0,252,15,192
#FC5A8D,252,90,141
#FC6C85,252,108,133
#FC74FD,252,116,253
#FC89AC,252,137,172
#FC8EAC,252,142,172
#FCC200,252,194,0
#FCE883,252,232,131
#FCF75E,252,247,94
#FD0E35,253,14,53
#FD3A4A,253,58,74
#FD3F92,253,63,146
#FD5240,253,82,64
#FD5800,253,88,0
#FD5E53,253,94,83
#FD6C9E,253,108,158
#FD7C6E,253,124,110
#FDBCB4,253,188,180
#FDD5B1,253,213,177
#FDD9B5,253,217,181
#FDDDE6,253,221,230
#FDEE00,253,238,0
#FDF5E6,253,245,230
#FDFD96,253,253,150
#FDFF00,253,255,0
#FDFFF5,253,255,245
#FE2712,254,39,18
#FE28A2,254,40,162
#FE4164,254,65,100
#FE4EDA,254,78,218
#FE5A1D,254,90,29
#FE6F5E,254,111,94
#FEDF00,254,223,0
#FEFE33,254,254,51
#FEFEFA,254,254,250
#FF0000,255,0,0
#FF0028,255,0,40
#FF0038,255,0,56
#FF003F,255,0,63
#FF004F,255,0,79
#FF006C,255,0,108
#FF007C,255,0,124
#FF007F,255,0,127
#FF0090,255,0,144
#FF00FF,255,0,255
#FF033E,255,3,62
#FF0800,255,8,0
#FF1493,255,20,147
#FF1493,255,20,147
#FF1DCE,255,29,206
#FF2052,255,32,82
#FF2400,255,36,0
#FF2800,255,40,0
#FF33CC,255,51,204
#FF355E,255,53,94
#FF3800,255,56,0
#FF3855,255,56,85
#FF4040,255,64,64
#FF404C,255,64,76
#FF43A4,255,67,164
#FF4466,255,68,102
#FF4500,255,69,0
#FF4681,255,70,129
#FF496C,255,73,108
#FF4F00,255,79,0
#FF5349,255,83,73
#FF5470,255,84,112
#FF55A3,255,85,163
#FF5800,255,88,0
#FF5A36,255,90,54
#FF5CCD,255,92,205
#FF5F00,255,95,0
#FF6347,255,99,71
#FF66CC,255,102,204
#FF6700,255,103,0
#FF6961,255,105,97
#FF69B4,255,105,180
#FF6D3A,255,109,58
#FF6E4A,255,110,74
#FF6FFF,255,111,255
#FF7518,255,117,24
#FF7538,255,117,56
#FF77FF,255,119,255
#FF7800,255,120,0
#FF7A00,255,122,0
#FF7E00,255,126,0
#FF7F00,255,127,0
#FF7F50,255,127,80
#FF8243,255,130,67
#FF85CF,255,133,207
#FF878D,255,135,141
#FF8C00,255,140,0
#FF91A4,255,145,164
#FF91AF,255,145,175
#FF9900,255,153,0
#FF9933,255,153,51
#FF9966,255,153,102
#FF9999,255,153,153
#FF99CC,255,153,204
#FF9F00,255,159,0
#FFA000,255,160,0
#FFA07A,255,160,122
#FFA089,255,160,137
#FFA343,255,163,67
#FFA500,255,165,0
#FFA6C9,255,166,201
#FFA700,255,167,0
#FFA812,255,168,18
#FFAA1D,255,170,29
#FFAE42,255,174,66
#FFB077,255,176,119
#FFB300,255,179,0
#FFB347,255,179,71
#FFB3DE,255,179,222
#FFB6C1,255,182,193
#FFB7C5,255,183,197
#FFBA00,255,186,0
#FFBCD9,255,188,217
#FFBD88,255,189,136
#FFBF00,255,191,0
#FFC0CB,255,192,203
#FFC1CC,255,193,204
#FFC40C,255,196,12
#FFC87C,255,200,124
#FFCBA4,255,203,164
#FFCC00,255,204,0
#FFCC33,255,204,51
#FFCC99,255,204,153
#FFCFF1,255,207,241
#FFD300,255,211,0
#FFD700,255,215,0
#FFD800,255,216,0
#FFDAB9,255,218,185
#FFDAE9,255,218,233
#FFDB00,255,219,0
#FFDB58,255,219,88
#FFDDCA,255,221,202
#FFDDF4,255,221,244
#FFDEAD,255,222,173
#FFDF00,255,223,0
#FFDF46,255,223,70
#FFDFBF,255,223,191
#FFE135,255,225,53
#FFE302,255,227,2
#FFE4C4,255,228,196
#FFE4CD,255,228,205
#FFE4E1,255,228,225
#FFE5B4,255,229,180
#FFEB00,255,235,0
#FFEBCD,255,235,205
#FFEF00,255,239,0
#FFEFD5,255,239,213
#FFF000,255,240,0
#FFF0F5,255,240,245
#FFF44F,255,244,79
#FFF5EE,255,245,238
#FFF600,255,246,0
#FFF700,255,247,0
#FFF8DC,255,248,220
#FFF8E7,255,248,231
#FFFACD,255,250,205
#FFFAF0,255,250,240
#FFFAFA,255,250,250
#FFFDD0,255,253,208
#FFFF00,255,255,0
#FFFF31,255,255,49
#FFFF33,255,255,51
#FFFF66,255,255,102
#FFFF99,255,255,153
#FFFFBF,255,255,191
#FFFFE0,255,255,224
#FFFFF0,255,255,240
#FFFFFF,255,255,255